nombre_completo,correo,pais,fecha_nacimiento,id_cliente
Emily Wilson,pamela18@example.net,France,2004-10-23,pamela18@example.net
Derek Williams,michaelroberts@example.org,Burundi,1958-10-04,michaelroberts@example.org
Jose Cruz,tcooper@example.org,Aruba,1975-03-27,tcooper@example.org
David Miller,xphillips@example.com,Armenia,1982-12-05,xphillips@example.com
Sandra Bailey,allison43@example.net,Tonga,1991-01-13,allison43@example.net
Rose Miller,sflores@example.net,Germany,1993-01-28,sflores@example.net
James Lane,davidgrant@example.com,Spain,1992-05-20,davidgrant@example.com
Connie Robbins,zachary83@example.net,Mauritania,1969-03-21,zachary83@example.net
Louis Martin,dray@example.org,Norway,2002-10-16,dray@example.org
Micheal Smith,thudson@example.com,Mauritius,1992-01-01,thudson@example.com
Jason Neal,jenkinsmatthew@example.org,Vietnam,2003-10-19,jenkinsmatthew@example.org
April Richards,banksjames@example.org,Cuba,1977-04-20,banksjames@example.org
Sean Lester,rsalas@example.com,New Caledonia,1973-05-14,rsalas@example.com
Hector Bowen,mnelson@example.org,Kazakhstan,1985-02-26,mnelson@example.org
Kathleen Stark,martha73@example.net,New Zealand,1969-04-23,martha73@example.net
Michael Prince,stephen87@example.com,Belgium,1957-12-10,stephen87@example.com
Wendy Clarke,warebrittany@example.org,Mongolia,1968-09-14,warebrittany@example.org
Sherri Perkins,andrew20@example.org,Zimbabwe,1991-11-29,andrew20@example.org
Catherine Collins,matthewwoods@example.com,Switzerland,1977-05-28,matthewwoods@example.com
Kenneth Russell,shannonsullivan@example.net,Kuwait,1976-02-20,shannonsullivan@example.net
Brittany Park,alopez@example.com,China,1971-04-19,alopez@example.com
Jacob Eaton,frankpearson@example.org,Mauritania,1995-08-11,frankpearson@example.org
Brenda Fernandez,logan02@example.net,Guinea-Bissau,1976-07-27,logan02@example.net
Jamie Harris,tracyhuang@example.com,Madagascar,1969-12-11,tracyhuang@example.com
Ryan Stewart,amyperez@example.net,Benin,1955-12-25,amyperez@example.net
Amanda Powell,fsandoval@example.net,Gabon,1979-10-23,fsandoval@example.net
Tabitha Porter,wjimenez@example.net,Aruba,2006-12-11,wjimenez@example.net
Christine Murray,iperez@example.org,Swaziland,2000-05-03,iperez@example.org
Benjamin Gutierrez,jennifer24@example.net,Gabon,1994-03-31,jennifer24@example.net
Patricia Miranda,butlermark@example.org,Israel,1976-05-15,butlermark@example.org
Mr. Anthony Gutierrez DDS,uwilliams@example.org,Germany,1965-07-11,uwilliams@example.org
Ronald Moreno,hopkinseric@example.org,Western Sahara,1988-09-18,hopkinseric@example.org
Dennis Kirk,tiffany94@example.org,Reunion,1975-04-26,tiffany94@example.org
Mike Armstrong,chamilton@example.com,China,1957-01-12,chamilton@example.com
Danielle Sanders DDS,uflores@example.com,Liechtenstein,1986-01-02,uflores@example.com
Anthony Johnson,meganhernandez@example.org,Saint Helena,1981-10-10,meganhernandez@example.org
Monica Davis,xmckinney@example.net,Western Sahara,1996-01-04,xmckinney@example.net
Daisy Shelton,brianramos@example.org,Venezuela,2005-07-16,brianramos@example.org
Edward Cole,keithsmith@example.org,Bouvet Island (Bouvetoya),1955-12-08,keithsmith@example.org
Yolanda Hicks,kriley@example.org,Mongolia,1999-05-28,kriley@example.org
Michael Johnson,alexandriagreen@example.org,Kuwait,1962-02-18,alexandriagreen@example.org
Erica Hall,floresemily@example.com,Ukraine,1960-04-26,floresemily@example.com
Rachael Hampton,joeanderson@example.org,Senegal,1980-08-05,joeanderson@example.org
Jasmine Kelly,jesse06@example.net,Faroe Islands,2007-05-23,jesse06@example.net
Russell Williams,tamara53@example.net,Belize,2006-05-28,tamara53@example.net
James Boyd,ellisashley@example.com,Estonia,1992-04-21,ellisashley@example.com
Tommy White,todd60@example.net,Sierra Leone,1970-06-29,todd60@example.net
Eric Williams,pryan@example.net,Togo,1980-10-27,pryan@example.net
Tonya Wall,xlopez@example.com,Central African Republic,1958-12-01,xlopez@example.com
Robert Rivera,tracywallace@example.net,Greece,1964-12-26,tracywallace@example.net
Michael Sweeney,connie36@example.org,Bahamas,2006-07-29,connie36@example.org
Antonio Pacheco,eharper@example.org,India,1976-04-14,eharper@example.org
Ryan Beck,andrewbanks@example.com,Slovakia (Slovak Republic),2005-05-30,andrewbanks@example.com
Jessica Harris,bullockarthur@example.net,Belize,1967-02-17,bullockarthur@example.net
Katie Smith,rwright@example.net,Saint Pierre and Miquelon,1990-08-25,rwright@example.net
Dr. Terri Sanchez,francisco25@example.net,Svalbard & Jan Mayen Islands,1955-01-15,francisco25@example.net
April Robbins,wkirby@example.net,Luxembourg,1987-01-27,wkirby@example.net
Erin Martinez,christopher56@example.org,Tokelau,1975-10-09,christopher56@example.org
Kristopher Hopkins,kathydiaz@example.org,Kazakhstan,1982-04-07,kathydiaz@example.org
Amanda Reyes,matthew80@example.org,Morocco,1959-08-29,matthew80@example.org
Jessica Hill,reidwilliam@example.net,Spain,1959-07-05,reidwilliam@example.net
Christina Carter,hernandezmeghan@example.org,Turks and Caicos Islands,1996-08-18,hernandezmeghan@example.org
Jane Garza,anitaevans@example.net,Lebanon,2004-12-09,anitaevans@example.net
David Carter,megan69@example.org,Palau,1987-12-23,megan69@example.org
Jenny Stephens,hutchinsoncharles@example.org,Comoros,1969-02-10,hutchinsoncharles@example.org
Lisa Burnett,jennadurham@example.org,Lebanon,2006-12-04,jennadurham@example.org
Sandy Delacruz,nnorris@example.org,United States of America,2005-01-15,nnorris@example.org
Christopher Hardy,prodriguez@example.net,United Kingdom,1977-12-01,prodriguez@example.net
John Charles,taylor46@example.net,Jersey,1989-12-17,taylor46@example.net
Krystal Smith,nbooth@example.com,Czech Republic,1974-02-10,nbooth@example.com
Robert Blair,jason95@example.com,Spain,1965-06-30,jason95@example.com
Kristin Tanner,lwilliams@example.org,Liechtenstein,1969-05-25,lwilliams@example.org
Heather Garza,davisdaniel@example.com,United Kingdom,2003-04-04,davisdaniel@example.com
Mark Myers,terrelldenise@example.org,Singapore,1960-06-27,terrelldenise@example.org
Jennifer Moore,rmiranda@example.net,Suriname,2007-02-09,rmiranda@example.net
Blake Estrada,donnaalvarez@example.net,Paraguay,1998-04-21,donnaalvarez@example.net
Ryan Robbins,qgonzales@example.com,Tanzania,1986-04-23,qgonzales@example.com
Kyle Shaw,stephanieestrada@example.net,Dominican Republic,1961-01-18,stephanieestrada@example.net
Michael Burgess,lisa08@example.org,Tunisia,1971-11-26,lisa08@example.org
Dennis Avery,howarddavid@example.com,Angola,1966-06-22,howarddavid@example.com
Joseph Johns,hoffmananthony@example.net,Mauritania,1975-09-20,hoffmananthony@example.net
Rebekah Allen,castrodominique@example.com,Hungary,1974-03-22,castrodominique@example.com
Robert Ford,carlosrodriguez@example.com,Djibouti,1974-04-14,carlosrodriguez@example.com
Amy Perez,qlane@example.org,Gibraltar,2006-06-24,qlane@example.org
Joseph Stewart,pleon@example.com,Mali,1979-03-25,pleon@example.com
Willie Cox,taylormatthew@example.org,Belarus,1983-04-15,taylormatthew@example.org
Arthur Miller,lindseylynch@example.net,Western Sahara,1975-09-18,lindseylynch@example.net
Thomas Rodriguez,seanmartin@example.com,United Kingdom,2001-09-01,seanmartin@example.com
Daniel Mayer,leslieweber@example.org,Australia,1960-06-11,leslieweber@example.org
Brittany Ellis,hcurry@example.net,Cocos (Keeling) Islands,1989-09-23,hcurry@example.net
Daniel Anderson,jason99@example.org,Bahamas,1961-07-20,jason99@example.org
Savannah Werner,petersenjay@example.org,Niger,1966-03-27,petersenjay@example.org
Katherine Barker,wguzman@example.org,Namibia,1986-12-24,wguzman@example.org
Angela West,zshields@example.net,Bolivia,1967-03-27,zshields@example.net
Jason Hopkins,reynoldsryan@example.com,Hong Kong,1969-09-26,reynoldsryan@example.com
Cynthia Olson,houstonwhitney@example.net,Holy See (Vatican City State),1991-04-30,houstonwhitney@example.net
Alex Thomas,ggregory@example.org,Bulgaria,1964-08-05,ggregory@example.org
Tristan Gonzalez,belldonna@example.net,Brunei Darussalam,2005-10-28,belldonna@example.net
Alan Lara,ppena@example.com,Northern Mariana Islands,2003-06-23,ppena@example.com
Curtis Bradley,russelllisa@example.net,Armenia,1971-12-26,russelllisa@example.net
Johnny Berry,brandonparker@example.net,Lesotho,1999-10-04,brandonparker@example.net
Charlotte Poole,restrada@example.com,Svalbard & Jan Mayen Islands,1963-11-15,restrada@example.com
Ryan Hughes,shortraymond@example.com,United States Minor Outlying Islands,1995-11-24,shortraymond@example.com
Mark Young,rebecca41@example.com,Cameroon,1985-01-15,rebecca41@example.com
Steven Kim,amanda19@example.net,American Samoa,1968-07-05,amanda19@example.net
Anthony Meyer,bmills@example.net,Svalbard & Jan Mayen Islands,1980-06-17,bmills@example.net
Jaime Rivera,williamavila@example.net,Namibia,1993-01-21,williamavila@example.net
John Mayer,adriansolis@example.com,Indonesia,1963-04-17,adriansolis@example.com
Mitchell Gonzalez,gomeznicholas@example.com,Sudan,1971-10-27,gomeznicholas@example.com
Robert Cook,curtis73@example.net,Lebanon,1972-03-29,curtis73@example.net
Peter Gibson,huberrachel@example.org,Libyan Arab Jamahiriya,1971-10-20,huberrachel@example.org
Holly Davis,kmartinez@example.net,Costa Rica,1995-09-29,kmartinez@example.net
Nicole Rush,morgan63@example.net,Samoa,1986-08-30,morgan63@example.net
Peggy Humphrey,kristenferguson@example.net,Cocos (Keeling) Islands,1984-02-26,kristenferguson@example.net
Michele Lowe,hendrixstephen@example.net,Svalbard & Jan Mayen Islands,1966-10-28,hendrixstephen@example.net
Rebecca Andrade,ethomas@example.org,Djibouti,1990-05-30,ethomas@example.org
Jamie Young,sheltonbianca@example.net,Slovakia (Slovak Republic),1989-08-28,sheltonbianca@example.net
Richard Mccormick,davistimothy@example.com,Czech Republic,1963-04-20,davistimothy@example.com
David Santos,bflores@example.org,North Macedonia,1974-09-12,bflores@example.org
Lawrence Beltran,pamelarussell@example.com,Turks and Caicos Islands,1956-04-06,pamelarussell@example.com
Jason Burton,matthew55@example.org,Germany,1977-07-11,matthew55@example.org
Karen Lee,laurawalsh@example.org,Chad,1992-07-10,laurawalsh@example.org
Christopher Oconnell,nroberts@example.com,Palau,2002-12-01,nroberts@example.com
Joseph Garcia,patelrachel@example.org,Algeria,2005-03-31,patelrachel@example.org
Larry Scott,nicholas80@example.com,Vietnam,1998-05-24,nicholas80@example.com
Nicholas Chavez,michellejackson@example.net,United States Minor Outlying Islands,1957-10-20,michellejackson@example.net
Elizabeth Lopez MD,michael76@example.org,Nepal,1985-04-23,michael76@example.org
Michael Hancock,millskimberly@example.org,Northern Mariana Islands,1973-10-17,millskimberly@example.org
Kathleen Mercado DVM,erikapineda@example.net,Guinea-Bissau,1962-07-29,erikapineda@example.net
Victor Herrera,sheri39@example.com,Nigeria,1997-07-04,sheri39@example.com
Courtney Bryant,rodriguezalicia@example.org,Monaco,2003-05-02,rodriguezalicia@example.org
Deanna Barnes,ericksondonald@example.com,Bahamas,1978-01-14,ericksondonald@example.com
Charles Barnett,sbrown@example.org,Seychelles,1959-06-04,sbrown@example.org
Kimberly Hoover,aaron11@example.com,New Caledonia,1978-05-25,aaron11@example.com
Joseph Robinson,paulclark@example.com,Wallis and Futuna,1967-12-20,paulclark@example.com
Keith Davies,johnrojas@example.org,Malawi,1994-12-26,johnrojas@example.org
Dustin Romero,rebeccazavala@example.org,Nauru,1990-07-21,rebeccazavala@example.org
Luke Strickland,kimberlywallace@example.com,Bhutan,2004-07-29,kimberlywallace@example.com
Jessica Foster,emily79@example.org,Guernsey,1977-12-04,emily79@example.org
David Myers,diazstanley@example.net,Canada,1977-01-07,diazstanley@example.net
John Carter,jack11@example.net,Mozambique,1975-05-14,jack11@example.net
Pamela Graves,frankbush@example.com,Honduras,1988-04-17,frankbush@example.com
Benjamin Duarte,toddmeyer@example.org,Guatemala,1961-01-04,toddmeyer@example.org
Sandra Martinez,lbarajas@example.com,Dominican Republic,1997-03-07,lbarajas@example.com
Darryl Frey,kristine84@example.org,Yemen,1981-01-10,kristine84@example.org
Casey Galloway,joshuawatson@example.net,Kenya,1998-05-22,joshuawatson@example.net
John Harper,qbeck@example.org,Albania,1995-05-13,qbeck@example.org
Jake Bishop,harrislaura@example.com,Thailand,1975-05-18,harrislaura@example.com
Matthew Martin,marydavis@example.net,Macao,2006-04-02,marydavis@example.net
Nancy Nicholson,sydney84@example.com,Kiribati,1961-06-13,sydney84@example.com
George Davis,scottallen@example.org,Kiribati,2002-02-02,scottallen@example.org
Michael Duncan,hsmith@example.org,Georgia,1960-01-23,hsmith@example.org
Stephen Lewis MD,aoneal@example.net,Bangladesh,2001-03-01,aoneal@example.net
Steven Bautista,lesliesanchez@example.org,French Guiana,1979-10-08,lesliesanchez@example.org
Jason Manning,andrewcarter@example.com,United States of America,1993-05-21,andrewcarter@example.com
Donna Erickson,adam33@example.com,Albania,1960-06-30,adam33@example.com
Lisa Stanley,christopheryoung@example.org,Egypt,1955-12-02,christopheryoung@example.org
Seth Michael,virginia18@example.com,New Zealand,1991-03-30,virginia18@example.com
Deanna Smith,karareilly@example.org,Syrian Arab Republic,1969-09-04,karareilly@example.org
Steven Hill,oholt@example.org,Norway,1996-08-07,oholt@example.org
Kimberly Morgan,martintyler@example.org,Northern Mariana Islands,1971-12-21,martintyler@example.org
David Soto,millerstacey@example.org,Kazakhstan,1973-03-15,millerstacey@example.org
Matthew Bennett,richard65@example.com,Congo,1990-03-27,richard65@example.com
Michael Moore,courtneybennett@example.net,Benin,1958-11-26,courtneybennett@example.net
Katrina Jackson,paulwilcox@example.net,Congo,1984-05-08,paulwilcox@example.net
Elizabeth Reyes,christopher75@example.org,Niger,1994-01-04,christopher75@example.org
Crystal Taylor,melodywashington@example.org,Maldives,1997-07-10,melodywashington@example.org
Stefanie Jones,steven81@example.com,Cayman Islands,1991-11-04,steven81@example.com
Richard Garcia,swright@example.net,Palestinian Territory,1954-11-11,swright@example.net
Karen Swanson,frances20@example.net,Lesotho,1990-03-18,frances20@example.net
Lisa Mathews,clarkstephanie@example.com,Slovakia (Slovak Republic),1992-12-21,clarkstephanie@example.com
George Thompson,lgreen@example.org,Sweden,2003-09-19,lgreen@example.org
Charles Martinez,gordon43@example.net,Mozambique,2001-05-11,gordon43@example.net
Carlos Turner,krivera@example.org,Trinidad and Tobago,1999-01-26,krivera@example.org
Patrick Fisher,meganevans@example.net,Macao,1970-07-29,meganevans@example.net
Angela Malone,jeffreychavez@example.com,Tunisia,1996-11-05,jeffreychavez@example.com
Ruth Mcdaniel,rtaylor@example.org,Reunion,1962-11-04,rtaylor@example.org
Timothy Berry,kimberlynunez@example.com,Solomon Islands,1956-03-22,kimberlynunez@example.com
Amanda Daniels,shawnpayne@example.com,Nauru,1996-07-20,shawnpayne@example.com
Sharon Watson,jesse38@example.org,Peru,1980-03-06,jesse38@example.org
Melinda Moore,silvacynthia@example.net,Botswana,2001-11-04,silvacynthia@example.net
Tracy Shannon,theresa95@example.com,Saint Barthelemy,2001-11-10,theresa95@example.com
Melissa Larson,adamsjessica@example.org,Honduras,1960-03-26,adamsjessica@example.org
John Castillo,yperez@example.org,Antigua and Barbuda,2004-04-18,yperez@example.org
Joseph Krause,jennifer86@example.org,French Southern Territories,1960-11-18,jennifer86@example.org
Alexis Parker,qbrown@example.net,Haiti,2006-03-29,qbrown@example.net
Cynthia Bailey,michellecampos@example.net,Aruba,1989-06-07,michellecampos@example.net
Angela Brown,ronaldnoble@example.org,Belarus,1964-06-17,ronaldnoble@example.org
Max Quinn,paulapril@example.net,Albania,2006-05-13,paulapril@example.net
Dakota Allen,jrussell@example.org,Malta,1967-12-12,jrussell@example.org
Christopher Williams,uberg@example.net,South Africa,1977-06-01,uberg@example.net
Sue Ramirez,owatson@example.org,Cayman Islands,1962-10-24,owatson@example.org
Dr. Michael Williams,cynthiamurphy@example.org,Guinea,1969-10-21,cynthiamurphy@example.org
Bradley Johnson,christinaglenn@example.net,Tonga,1989-04-22,christinaglenn@example.net
Crystal Edwards,mariarangel@example.org,Congo,1960-11-13,mariarangel@example.org
Robert Carter,swashington@example.org,Israel,1967-11-02,swashington@example.org
James Cannon,anthony55@example.com,Philippines,1985-04-24,anthony55@example.com
Laura Walters,lindsey78@example.net,Ecuador,1956-04-05,lindsey78@example.net
Donald Miller,jpruitt@example.net,Libyan Arab Jamahiriya,1991-07-23,jpruitt@example.net
Brian Hopkins,kyleyang@example.org,Bangladesh,2000-01-21,kyleyang@example.org
Dr. Chad Schwartz,stephen01@example.org,Namibia,1999-12-11,stephen01@example.org
James Solis,andrewholloway@example.net,Afghanistan,1957-01-08,andrewholloway@example.net
Eric Gregory,abennett@example.net,Croatia,1996-04-12,abennett@example.net
Laurie Burke,tkelley@example.com,Svalbard & Jan Mayen Islands,1994-04-15,tkelley@example.com
Kelly Meyer,blee@example.net,Papua New Guinea,1957-03-28,blee@example.net
Claire Adkins,megan62@example.net,Korea,2002-03-28,megan62@example.net
Richard Duran,briannasmith@example.com,Guam,1960-04-17,briannasmith@example.com
Jennifer Torres,thomaspatricia@example.com,Uzbekistan,1960-02-21,thomaspatricia@example.com
Heather Mcdonald,stewartjordan@example.org,Guadeloupe,1984-11-18,stewartjordan@example.org
Andrea Thompson,jeremyperry@example.com,Sri Lanka,1954-06-13,jeremyperry@example.com
Jonathan Shields,jennifer15@example.org,British Virgin Islands,1978-11-14,jennifer15@example.org
Nathan Miller,monica66@example.net,Israel,1967-04-03,monica66@example.net
Kimberly Huff,ralphsimpson@example.com,Mayotte,1980-07-28,ralphsimpson@example.com
Keith Parks,sandracox@example.org,Martinique,1981-09-01,sandracox@example.org
Leah Floyd,cowandavid@example.org,Cape Verde,1990-09-04,cowandavid@example.org
John Brown,bradyperez@example.net,Greece,1958-12-13,bradyperez@example.net
Lisa Hansen,amy67@example.com,Cyprus,2000-06-13,amy67@example.com
Richard Campbell,stewartadam@example.org,Morocco,2001-04-12,stewartadam@example.org
Gabriella Gray,vanessa12@example.com,Uzbekistan,1955-12-20,vanessa12@example.com
Jeremy Gray,nguyenerika@example.com,El Salvador,1968-11-11,nguyenerika@example.com
Grace Mason,amanda26@example.net,Samoa,1992-03-22,amanda26@example.net
Angela Cordova,ngoodwin@example.com,Nicaragua,2005-12-13,ngoodwin@example.com
Jessica Jackson,halllindsey@example.com,Antarctica (the territory South of 60 deg S),1970-08-26,halllindsey@example.com
Christian Martinez,thompsonlonnie@example.net,Haiti,1990-06-24,thompsonlonnie@example.net
Patricia Stewart,cherryfelicia@example.net,Macao,1979-12-20,cherryfelicia@example.net
Dawn Cannon,devin83@example.net,Kenya,1999-10-25,devin83@example.net
Dana Jimenez,joshua07@example.com,Yemen,1989-01-21,joshua07@example.com
Ashley Gray,myerstodd@example.org,Romania,1963-12-30,myerstodd@example.org
Donald Rhodes MD,escobarmark@example.com,Heard Island and McDonald Islands,1962-06-21,escobarmark@example.com
Rachel Oconnor,dawsonalexandra@example.com,Slovenia,1955-12-11,dawsonalexandra@example.com
Kathy Wilson,bakermatthew@example.com,Poland,2004-01-19,bakermatthew@example.com
Denise Thompson,johnny11@example.com,Honduras,1990-05-22,johnny11@example.com
Jonathan Hart,fprince@example.org,New Zealand,1999-03-18,fprince@example.org
Nicole King,rebekahsmith@example.net,Colombia,1961-02-21,rebekahsmith@example.net
Scott Cherry,jerry76@example.org,Turkmenistan,1978-06-21,jerry76@example.org
Peter Stevens,brett72@example.com,Palau,1974-12-08,brett72@example.com
Carla Grant,kingkeith@example.com,Italy,1975-10-21,kingkeith@example.com
Shelby Simpson,runderwood@example.net,Iraq,1989-10-03,runderwood@example.net
Tina Burke,danielfrank@example.com,Guinea,1971-06-12,danielfrank@example.com
Cynthia Spencer,wayne17@example.com,Saint Helena,1988-02-21,wayne17@example.com
Lisa Wiggins,liroger@example.net,Saint Lucia,1961-09-08,liroger@example.net
Sharon Gonzalez,brownandrew@example.net,Saudi Arabia,1979-07-28,brownandrew@example.net
Anthony Vaughan,pam83@example.net,Greece,1966-11-21,pam83@example.net
Larry Oliver,emily97@example.com,Cocos (Keeling) Islands,1956-07-05,emily97@example.com
Andrew Hudson,jwoods@example.org,Jamaica,1971-04-07,jwoods@example.org
Mary Lynch,albert00@example.net,United States Virgin Islands,1965-10-26,albert00@example.net
Thomas Davis,gilespeggy@example.net,Saint Helena,1968-07-22,gilespeggy@example.net
Alice Alvarez,charlesclark@example.net,South Africa,1995-02-20,charlesclark@example.net
Larry Perez,alejandromeyer@example.net,Jordan,2000-05-14,alejandromeyer@example.net
Howard Anderson,cdurham@example.com,Bosnia and Herzegovina,1961-04-10,cdurham@example.com
Kathy Smith,thomasjoy@example.net,Cote d'Ivoire,1998-10-28,thomasjoy@example.net
Chad Mills,amandajenkins@example.net,Mayotte,1981-11-15,amandajenkins@example.net
Gary Spence,sherry09@example.net,Cayman Islands,1964-01-13,sherry09@example.net
Ms. Catherine Lin,tschaefer@example.org,Ecuador,2006-01-08,tschaefer@example.org
Blake Williams,juliegilmore@example.com,Nauru,2007-01-23,juliegilmore@example.com
Teresa Gray,joshua99@example.org,Dominican Republic,1997-08-28,joshua99@example.org
Kyle Sherman,qstark@example.com,Gabon,1985-06-20,qstark@example.com
Shannon Rodriguez,grahammarcus@example.net,Uruguay,1967-07-11,grahammarcus@example.net
Deborah Jackson,gross@example.org,Botswana,1976-11-07,gross@example.org
Sean Smith,yangkevin@example.net,Equatorial Guinea,1977-01-22,yangkevin@example.net
Natalie Graves,hbrown@example.org,Grenada,1965-04-16,hbrown@example.org
Philip Willis,michaelagill@example.org,Malawi,1958-12-26,michaelagill@example.org
Anthony Briggs,milesbarbara@example.org,Martinique,1979-11-13,milesbarbara@example.org
Timothy Estrada,davidoliver@example.com,Lebanon,1980-03-23,davidoliver@example.com
Christine Gonzales,amber59@example.org,Jordan,1980-11-20,amber59@example.org
Sheila Woods,julie97@example.net,Guatemala,1970-03-25,julie97@example.net
Breanna Proctor,garywilliams@example.net,Guam,1999-11-06,garywilliams@example.net
Barry Williams,woodkenneth@example.org,Afghanistan,1956-09-03,woodkenneth@example.org
Stacy Crawford,kelly27@example.org,Madagascar,1978-08-20,kelly27@example.org
Tyrone Mckee,wileyelizabeth@example.net,Jordan,2001-01-11,wileyelizabeth@example.net
Bradley Allen,robertcalhoun@example.com,New Zealand,1959-09-03,robertcalhoun@example.com
Cindy Brown,smithbrandon@example.org,Chile,1987-12-10,smithbrandon@example.org
Natalie Harris,hannah61@example.com,Faroe Islands,1965-07-09,hannah61@example.com
Mary Haynes,hullmarcus@example.net,Mauritius,1959-04-23,hullmarcus@example.net
Zachary Carter,phamgeoffrey@example.com,Zambia,1978-06-04,phamgeoffrey@example.com
Chelsea Haynes,uolson@example.com,Poland,1995-11-30,uolson@example.com
Kristi Moore,fosterjohn@example.org,Senegal,1963-12-15,fosterjohn@example.org
Ryan Green,uwarner@example.com,Hungary,1958-06-13,uwarner@example.com
Sandra Wilson,vincent73@example.net,Russian Federation,1979-11-14,vincent73@example.net
Andrea Murray,zwilliams@example.com,Lithuania,1985-10-05,zwilliams@example.com
Kevin Fuller,jensenanthony@example.net,Guinea-Bissau,1987-09-18,jensenanthony@example.net
Michael Casey,jlutz@example.com,Micronesia,1964-10-27,jlutz@example.com
Jessica Blair,toddgonzalez@example.org,Kyrgyz Republic,1956-07-04,toddgonzalez@example.org
Sally Williams,gordonamanda@example.com,Antarctica (the territory South of 60 deg S),2007-04-22,gordonamanda@example.com
Denise Roach,latoya30@example.org,Swaziland,1968-07-08,latoya30@example.org
Kendra Williams,andrejohnson@example.net,Burkina Faso,1973-04-07,andrejohnson@example.net
James Thompson,debrarodriguez@example.org,India,1982-01-03,debrarodriguez@example.org
George Vargas,tryan@example.org,Bosnia and Herzegovina,1996-06-18,tryan@example.org
Michael Lopez,singhjoel@example.org,Mauritania,2004-07-06,singhjoel@example.org
Chad Wilson,samantha45@example.org,Bahrain,1982-03-26,samantha45@example.org
Lawrence Walls,kathleenmcclure@example.org,Romania,1983-09-02,kathleenmcclure@example.org
Jeffrey Newman,andrew74@example.net,Western Sahara,1980-05-22,andrew74@example.net
Jennifer Hansen,sarah95@example.org,Sao Tome and Principe,1955-07-29,sarah95@example.org
Robert Harris,jill18@example.com,Peru,1992-01-17,jill18@example.com
Carolyn James,crystal83@example.net,Sudan,1978-09-01,crystal83@example.net
Veronica Ford,xbrewer@example.net,Liberia,1978-12-30,xbrewer@example.net
Melissa Mclean,michelleknapp@example.com,Czech Republic,1996-06-23,michelleknapp@example.com
Ian Dixon,mwaters@example.net,Turkmenistan,1967-02-21,mwaters@example.net
Sheila Cruz,jack27@example.net,Canada,1996-01-19,jack27@example.net
Melanie Spencer,uanderson@example.com,Honduras,1987-03-24,uanderson@example.com
Lee Johnson,elizabethmiller@example.org,Romania,2007-01-20,elizabethmiller@example.org
Joel Hartman,williamfarmer@example.com,Falkland Islands (Malvinas),1969-04-02,williamfarmer@example.com
Brittney Wheeler,terrymiller@example.org,Angola,2004-12-13,terrymiller@example.org
Thomas Johnson,uanderson@example.net,French Southern Territories,1982-02-05,uanderson@example.net
Jeffrey Garcia,garciamark@example.net,Finland,1961-01-29,garciamark@example.net
Carlos Lewis,coreygarcia@example.net,Monaco,1960-08-26,coreygarcia@example.net
Johnny Davidson,fleach@example.net,Togo,1990-10-25,fleach@example.net
Dr. Bradley Hall DDS,billsmith@example.org,Gambia,1972-01-23,billsmith@example.org
John Richards,rodneyrichardson@example.com,Myanmar,2007-04-21,rodneyrichardson@example.com
Kathleen Wright,denise90@example.net,Antigua and Barbuda,1969-07-24,denise90@example.net
Leah Hansen,rowlandmichelle@example.com,Israel,1990-08-14,rowlandmichelle@example.com
Dr. Amanda Burnett,erin00@example.org,Egypt,1979-05-11,erin00@example.org
Kelly Miller,sarah10@example.org,Guam,1956-12-01,sarah10@example.org
Natalie Collins,parnold@example.net,Sweden,1962-08-13,parnold@example.net
Amanda Gonzalez,angela40@example.net,Haiti,2001-09-22,angela40@example.net
Christopher Hays,ajones@example.net,Turkey,2001-09-29,ajones@example.net
Joshua Patterson,dmcdaniel@example.net,Brazil,1990-04-06,dmcdaniel@example.net
Kimberly Cruz,sbaker@example.org,Japan,2007-05-27,sbaker@example.org
Aaron Clark,jenniferlawson@example.net,Thailand,1987-10-30,jenniferlawson@example.net
Collin Wilson,michaelross@example.org,Falkland Islands (Malvinas),2007-02-21,michaelross@example.org
Christine Young,jonesdonna@example.org,Singapore,1998-12-24,jonesdonna@example.org
Robert Gould,fstokes@example.org,Estonia,1983-02-25,fstokes@example.org
Rebecca Jones,lawsondonna@example.org,Swaziland,1961-03-27,lawsondonna@example.org
Thomas Wallace,fsimmons@example.com,Saint Lucia,1969-05-28,fsimmons@example.com
Joseph Burke,floresbrandi@example.net,Niger,1960-12-16,floresbrandi@example.net
Paul Rodriguez,porterjoel@example.net,Gabon,1972-05-24,porterjoel@example.net
Amanda Ali,frankvillarreal@example.com,Jamaica,1963-12-07,frankvillarreal@example.com
Mr. Bradley Stewart,ifrank@example.com,Micronesia,1983-05-28,ifrank@example.com
Robert Garcia Jr.,jessica83@example.net,Philippines,1996-02-19,jessica83@example.net
Jason Snyder,allison17@example.com,Puerto Rico,2005-03-01,allison17@example.com
Brandon Middleton,palmercassandra@example.net,Morocco,1989-10-17,palmercassandra@example.net
Dwayne Gonzalez,ykeller@example.com,Finland,1980-07-29,ykeller@example.com
Kelly Lewis,ktucker@example.net,Belgium,1991-03-11,ktucker@example.net
Jacob Farley,clementslaura@example.com,Bouvet Island (Bouvetoya),1992-05-28,clementslaura@example.com
Kevin Lopez,martinezjoseph@example.net,Nauru,2002-09-14,martinezjoseph@example.net
Molly Mendez,zsantos@example.org,Saint Pierre and Miquelon,1996-05-14,zsantos@example.org
Shelby Mills,dhutchinson@example.net,Holy See (Vatican City State),1971-06-08,dhutchinson@example.net
Tanya Whitaker,gail97@example.org,United States Minor Outlying Islands,1956-04-12,gail97@example.org
Eric Odom,johnhernandez@example.org,Tonga,1961-09-22,johnhernandez@example.org
Carolyn Johnson,tbenjamin@example.org,Pitcairn Islands,1969-11-08,tbenjamin@example.org
Jennifer Johnson,dana50@example.net,Latvia,1988-09-17,dana50@example.net
Joel Morgan,tammy62@example.com,Philippines,1963-10-23,tammy62@example.com
Jacqueline Brooks,lori63@example.org,Cayman Islands,1994-01-15,lori63@example.org
Eric Knight,hernandezrichard@example.com,Saint Pierre and Miquelon,1973-09-21,hernandezrichard@example.com
Jacob Simmons,hebertvictor@example.org,Benin,1967-01-01,hebertvictor@example.org
Mary Henderson,lauren47@example.com,Indonesia,2002-09-14,lauren47@example.com
Tara Shaw,ocollins@example.net,Vanuatu,1996-07-21,ocollins@example.net
Jessica Armstrong,johnadams@example.com,Liberia,1981-02-06,johnadams@example.com
Andrew Valencia,owensjordan@example.net,Equatorial Guinea,2002-03-30,owensjordan@example.net
James Ortiz,tandrews@example.net,Hungary,1954-10-20,tandrews@example.net
Julie Chen,debra94@example.org,United States Minor Outlying Islands,1980-10-19,debra94@example.org
Michelle Barber,schroederamy@example.com,Angola,1982-06-22,schroederamy@example.com
Pamela Fuller,josephpacheco@example.com,Gibraltar,1979-02-12,josephpacheco@example.com
Vanessa Cooper,fwilson@example.com,Argentina,1974-12-19,fwilson@example.com
Andrew Hall,daniel14@example.com,Lao People's Democratic Republic,1958-05-06,daniel14@example.com
Grant Pham,dana26@example.net,Indonesia,1969-06-11,dana26@example.net
Billy Hudson,robinsonjulia@example.net,Saint Barthelemy,1995-10-13,robinsonjulia@example.net
Margaret Jackson,thomasallen@example.net,Malta,1972-02-02,thomasallen@example.net
Carrie Charles,chloe40@example.net,Vanuatu,1978-01-17,chloe40@example.net
Austin Cox,rodriguezderek@example.com,Falkland Islands (Malvinas),1963-01-26,rodriguezderek@example.com
John Khan,delliott@example.org,Slovakia (Slovak Republic),1993-11-23,delliott@example.org
Laura White,jwalker@example.com,Latvia,1997-08-01,jwalker@example.com
Angela Coleman,garyclark@example.org,Antarctica (the territory South of 60 deg S),1990-03-03,garyclark@example.org
Kayla Wallace,pearsonrobert@example.org,Guatemala,1974-06-16,pearsonrobert@example.org
Gina Mills,steven17@example.org,French Polynesia,1954-07-19,steven17@example.org
Anna Schmitt,hcarlson@example.com,Wallis and Futuna,1955-09-01,hcarlson@example.com
Brittney Guerrero,cward@example.net,United States Minor Outlying Islands,1982-06-08,cward@example.net
Stephanie Evans,mendezmargaret@example.com,New Zealand,1996-09-15,mendezmargaret@example.com
Sean Ward,leedaniel@example.net,Latvia,1957-05-10,leedaniel@example.net
Marcus White,creed@example.org,Saint Vincent and the Grenadines,1995-11-26,creed@example.org
Jeffery Griffith,adamsthomas@example.net,Nauru,1955-05-22,adamsthomas@example.net
Jared Franklin,stephanie20@example.org,Guadeloupe,1972-03-25,stephanie20@example.org
Thomas Washington,kathleenfrost@example.com,Niue,1958-01-27,kathleenfrost@example.com
Yvonne Greene,cherylstewart@example.com,Jersey,1993-01-24,cherylstewart@example.com
Robert Cooper,stevenanderson@example.com,Spain,1969-05-01,stevenanderson@example.com
Dr. Melissa Acosta MD,james67@example.net,Greenland,1980-07-24,james67@example.net
Bradley Ortega,yortega@example.org,Kiribati,1960-04-30,yortega@example.org
Sheila Wilson,lisa29@example.net,Venezuela,1968-07-13,lisa29@example.net
Miranda Braun,wardwilliam@example.com,Suriname,1990-11-02,wardwilliam@example.com
Nathaniel Chapman,sandra22@example.net,Libyan Arab Jamahiriya,1956-12-22,sandra22@example.net
Tammy Miller,wayne82@example.net,Timor-Leste,1967-01-04,wayne82@example.net
Danielle Henry,wrubio@example.org,Burkina Faso,1964-08-14,wrubio@example.org
Taylor Livingston,danaadams@example.net,Congo,1971-03-12,danaadams@example.net
Matthew Ellis,rachaelhunt@example.net,Rwanda,1981-12-14,rachaelhunt@example.net
Thomas Reilly,qshepard@example.com,Turkmenistan,2005-12-26,qshepard@example.com
Michael Wilson,luke15@example.org,Cook Islands,1974-07-06,luke15@example.org
Maurice Sharp,mcgeemarissa@example.com,Bangladesh,1963-03-03,mcgeemarissa@example.com
Christina Stanley,paul45@example.net,Nepal,1977-07-04,paul45@example.net
Ethan Burgess,matthewalexander@example.net,Palestinian Territory,1999-03-10,matthewalexander@example.net
Vincent Black,nicole57@example.net,Congo,1965-07-12,nicole57@example.net
Marissa Johnson,boydmichael@example.com,Anguilla,2000-07-21,boydmichael@example.com
Haley Beck,patriciarobinson@example.com,Cambodia,1978-10-15,patriciarobinson@example.com
Mr. James Williams MD,zjones@example.org,Norway,2000-01-31,zjones@example.org
Jane Scott,pperez@example.net,Madagascar,1992-07-06,pperez@example.net
Brandy Clark,james88@example.org,Monaco,1961-08-08,james88@example.org
Beverly Vazquez,ojones@example.org,Cape Verde,1983-12-16,ojones@example.org
Victor Harding,tonyhartman@example.org,Montserrat,1957-10-09,tonyhartman@example.org
Jessica Marquez,richardcollier@example.net,Malawi,2001-01-01,richardcollier@example.net
William Davis,rmartinez@example.com,San Marino,1998-11-21,rmartinez@example.com
James Cunningham,lori37@example.org,Guernsey,1987-02-15,lori37@example.org
Lindsay Miller,lisagomez@example.org,New Zealand,1986-02-25,lisagomez@example.org
Victoria Kemp,philipwilliams@example.net,Czech Republic,1993-02-20,philipwilliams@example.net
Michelle Cowan,raymondlynch@example.net,Kazakhstan,1978-02-17,raymondlynch@example.net
Jacob Phillips,melissa05@example.net,Bahamas,1977-11-13,melissa05@example.net
Sheila Smith,mcdanieljeremy@example.org,Mauritius,1970-11-09,mcdanieljeremy@example.org
Kathryn Henderson,bbowen@example.com,Moldova,1960-04-01,bbowen@example.com
Nicholas Vang,allison58@example.net,Montserrat,1991-08-15,allison58@example.net
Crystal Wright,ryan44@example.org,Anguilla,1970-11-22,ryan44@example.org
Harry Cox,renee63@example.org,India,1997-03-10,renee63@example.org
Aaron Perez,christopheravila@example.com,India,1966-03-28,christopheravila@example.com
Yvonne Rodriguez,katherine45@example.org,Comoros,1999-03-23,katherine45@example.org
Michael White,gmitchell@example.net,Cocos (Keeling) Islands,1963-03-20,gmitchell@example.net
Julia Tate,lorraine47@example.org,Finland,1957-07-11,lorraine47@example.org
Mark Cole,susanbrandt@example.org,Philippines,1956-10-11,susanbrandt@example.org
Ronald Franklin,patelemily@example.net,Saint Martin,1987-08-05,patelemily@example.net
Lindsay Bauer,michaelconley@example.org,Ireland,1958-02-05,michaelconley@example.org
Teresa Martinez,nmoody@example.net,Faroe Islands,1975-12-07,nmoody@example.net
Michael Sanders,savannahsanchez@example.org,Isle of Man,1999-02-22,savannahsanchez@example.org
Scott Hayes,hwilliams@example.org,Venezuela,1967-01-04,hwilliams@example.org
Jeffrey Pham,xbrown@example.net,Macao,1980-07-14,xbrown@example.net
Lori Jones,maria79@example.org,Guinea-Bissau,1996-04-22,maria79@example.org
Tamara Williams,jennifer56@example.org,Singapore,2000-07-31,jennifer56@example.org
Christopher Guzman,jeff44@example.com,Libyan Arab Jamahiriya,1969-07-26,jeff44@example.com
Kristi Baker,lisaphillips@example.com,Sudan,1960-10-30,lisaphillips@example.com
Matthew Chandler,areyes@example.com,Martinique,1990-07-31,areyes@example.com
Michael Richardson,warren42@example.org,Lesotho,2004-05-18,warren42@example.org
Charlotte Walker,bmorris@example.com,Lebanon,1996-09-28,bmorris@example.com
Angelica Cohen,ufox@example.com,Singapore,1976-06-28,ufox@example.com
Deborah Clark,wbyrd@example.org,Afghanistan,1997-01-17,wbyrd@example.org
James Graves,andrea07@example.com,Uganda,1986-03-15,andrea07@example.com
Jordan Mckay,joshua55@example.org,Bangladesh,1998-03-12,joshua55@example.org
Michael Hawkins,cturner@example.org,Nepal,1991-05-23,cturner@example.org
Jesse Davis,mary46@example.com,Saint Pierre and Miquelon,2003-06-18,mary46@example.com
Bethany Clark,mariahray@example.com,Ethiopia,1971-08-15,mariahray@example.com
Juan Johnson,uadams@example.org,Guatemala,1963-07-21,uadams@example.org
Daniel Murray,abigail75@example.org,Syrian Arab Republic,2003-08-13,abigail75@example.org
Susan Thomas,gpoole@example.com,Cameroon,1959-03-21,gpoole@example.com
Taylor Valencia,cbaker@example.org,Netherlands Antilles,1998-12-28,cbaker@example.org
Mindy Tyler,bryanjackson@example.net,Iceland,1968-11-18,bryanjackson@example.net
Jay Guerrero,laurie57@example.net,Guadeloupe,1972-06-27,laurie57@example.net
Christopher Wilson,blackdillon@example.com,Cambodia,1983-03-06,blackdillon@example.com
Carrie Douglas,james18@example.com,Cameroon,1997-06-13,james18@example.com
James Gomez,jennifermurphy@example.net,Armenia,1981-03-11,jennifermurphy@example.net
Michelle Hall,cbrown@example.com,Chad,1969-02-17,cbrown@example.com
Darryl Gomez,mary93@example.com,Brazil,1997-07-03,mary93@example.com
Kevin Pugh,warnermichael@example.net,Bermuda,1955-06-19,warnermichael@example.net
Shannon Chaney,janetkennedy@example.org,Holy See (Vatican City State),1973-01-15,janetkennedy@example.org
Jason Cox,paultownsend@example.org,Venezuela,1994-02-20,paultownsend@example.org
Cheryl Chavez,carriecollier@example.com,Guernsey,1983-09-07,carriecollier@example.com
Sherri Harvey,cathythomas@example.org,Sweden,1989-03-16,cathythomas@example.org
Edwin Garcia,troymiles@example.com,Ethiopia,1979-07-19,troymiles@example.com
Yolanda Ellis,taylorgregory@example.org,Vanuatu,1970-02-25,taylorgregory@example.org
Ricky Bruce,fthomas@example.net,Portugal,1975-02-07,fthomas@example.net
Alicia Cohen,josephmason@example.net,Syrian Arab Republic,1961-12-01,josephmason@example.net
Robin Morgan,wolfbarbara@example.net,Saint Helena,1999-01-23,wolfbarbara@example.net
Heather Ramirez,tsaunders@example.com,Tonga,1961-08-02,tsaunders@example.com
Nancy Stevens,hsmith@example.com,Croatia,1994-04-14,hsmith@example.com
Alexander Neal,awalker@example.net,Algeria,1974-04-27,awalker@example.net
Denise Campbell,ztrevino@example.com,Sudan,1961-12-30,ztrevino@example.com
Jacob Cooper,jane93@example.net,San Marino,1988-12-06,jane93@example.net
Anthony King,phillipsjohn@example.net,French Southern Territories,1969-04-24,phillipsjohn@example.net
David Davidson DVM,cindygarcia@example.com,Honduras,1979-01-12,cindygarcia@example.com
Joshua Thomas,ranthony@example.com,Chad,2001-04-06,ranthony@example.com
Crystal Johnson MD,lydiacrawford@example.org,Singapore,1961-03-14,lydiacrawford@example.org
Jacob Wang,amystone@example.org,Armenia,1993-03-16,amystone@example.org
Mary Casey,kimberly38@example.org,Falkland Islands (Malvinas),1959-10-18,kimberly38@example.org
Timothy Campbell,jonathan05@example.net,Gibraltar,1997-11-05,jonathan05@example.net
Antonio Morales,ejohnson@example.com,Panama,1965-06-17,ejohnson@example.com
Megan Perry,monroejames@example.com,Saint Lucia,1966-12-12,monroejames@example.com
Alexandra Stafford,rflores@example.com,Heard Island and McDonald Islands,1994-03-07,rflores@example.com
Mary Torres,kblack@example.com,Cote d'Ivoire,1986-04-26,kblack@example.com
Kathleen Todd,ericpatterson@example.com,Sweden,2004-07-22,ericpatterson@example.com
Michelle Cooper,gonzalezkenneth@example.com,Kiribati,2002-04-29,gonzalezkenneth@example.com
Angela Kim,rogerreese@example.com,Norway,1991-01-20,rogerreese@example.com
Anna Parks,danielleyoung@example.com,Sweden,1962-05-21,danielleyoung@example.com
Alexander York,christianhancock@example.net,Tonga,1985-03-27,christianhancock@example.net
Brandon Peterson,cpeterson@example.com,New Zealand,1966-02-28,cpeterson@example.com
Nicholas Carlson,santanajimmy@example.org,Solomon Islands,1960-12-02,santanajimmy@example.org
Jillian Thompson,michelle29@example.org,Qatar,2003-01-17,michelle29@example.org
Patricia Thomas,lbishop@example.com,Malta,1978-04-08,lbishop@example.com
Deborah Myers,angelmartin@example.org,Israel,1983-05-20,angelmartin@example.org
Meagan Boyle,seancummings@example.net,Ireland,1963-09-16,seancummings@example.net
James Kelley,danny30@example.com,Christmas Island,1990-01-06,danny30@example.com
Elizabeth Houston,robert18@example.com,Lebanon,1977-05-12,robert18@example.com
Mary Cooper,nicholas99@example.com,Saint Helena,2007-04-08,nicholas99@example.com
Miranda Reid,kellivalenzuela@example.com,Mongolia,1999-06-18,kellivalenzuela@example.com
Randall Contreras,tylercollins@example.com,Saint Pierre and Miquelon,1998-12-21,tylercollins@example.com
Christine Day,fthomas@example.org,Northern Mariana Islands,1978-07-17,fthomas@example.org
Luis Armstrong,anthony51@example.org,Israel,1987-02-08,anthony51@example.org
Kaitlin Johnson,susan06@example.com,Cayman Islands,1991-09-25,susan06@example.com
Steven Johnson,kevin80@example.com,Lao People's Democratic Republic,1996-05-03,kevin80@example.com
Nicole Bullock MD,epetersen@example.com,New Caledonia,1994-04-29,epetersen@example.com
Lisa Miller,marcus75@example.com,Antarctica (the territory South of 60 deg S),1989-12-11,marcus75@example.com
John Neal,trevor07@example.com,Cambodia,2005-02-18,trevor07@example.com
Zachary Adams,hsimmons@example.org,Equatorial Guinea,2001-01-02,hsimmons@example.org
Joe Lambert,icarter@example.com,Anguilla,1969-03-27,icarter@example.com
Janet Johnson,marissa74@example.org,Armenia,1983-07-25,marissa74@example.org
Mr. Robert Klein,powellbryan@example.org,Philippines,1993-02-28,powellbryan@example.org
Briana Hall,kevans@example.net,Syrian Arab Republic,2003-07-10,kevans@example.net
James Anderson,klee@example.net,Vanuatu,1960-10-01,klee@example.net
Brian Murray,vmartin@example.com,Isle of Man,1965-03-30,vmartin@example.com
Ms. Amanda Davis,jessicawhite@example.org,South Georgia and the South Sandwich Islands,2001-12-19,jessicawhite@example.org
Dr. Michaela Johnson,scottholmes@example.org,Sweden,1954-11-25,scottholmes@example.org
Patrick Morrison,aparker@example.net,Singapore,1995-06-28,aparker@example.net
Amber Ho,parkerwilliam@example.net,Ukraine,1997-05-30,parkerwilliam@example.net
Lance Aguilar,stokesjocelyn@example.net,Senegal,1983-05-15,stokesjocelyn@example.net
Carlos York,mario94@example.com,Saint Barthelemy,1969-12-25,mario94@example.com
David Williams,cabreraamy@example.com,Turks and Caicos Islands,1972-04-29,cabreraamy@example.com
Robert Allen,lowejeffrey@example.net,Belarus,1971-03-09,lowejeffrey@example.net
Billy Lawrence,stephanie59@example.net,Ecuador,1994-11-03,stephanie59@example.net
Sarah Thomas,ajohnson@example.net,Trinidad and Tobago,1981-03-04,ajohnson@example.net
Mitchell Woods,lcampos@example.net,Guadeloupe,1999-01-01,lcampos@example.net
Michael Baker,samanthajackson@example.com,Mongolia,1958-01-27,samanthajackson@example.com
Jeffrey Peterson,daniel25@example.com,Marshall Islands,1962-02-04,daniel25@example.com
Eric Payne,beverlysmith@example.com,Guinea,1959-03-31,beverlysmith@example.com
Michelle Shah DDS,veronica36@example.org,Tanzania,1954-10-29,veronica36@example.org
Robert Bush,reynoldswilliam@example.net,Saint Barthelemy,1977-03-11,reynoldswilliam@example.net
Sierra Rivas,gregg31@example.com,Slovakia (Slovak Republic),1980-09-24,gregg31@example.com
James Gray,karen32@example.net,Kenya,1980-08-08,karen32@example.net
John Davis,noblemelinda@example.org,Chad,1985-07-24,noblemelinda@example.org
Christina Walker,zsmith@example.net,Maldives,1974-02-22,zsmith@example.net
Albert Martin,cindycooper@example.com,Guatemala,1991-04-03,cindycooper@example.com
Karen Arroyo,julie31@example.net,Vietnam,1983-04-08,julie31@example.net
James Miller,pzimmerman@example.net,Azerbaijan,2000-04-16,pzimmerman@example.net
Francisco Randall,meganturner@example.org,Bosnia and Herzegovina,1970-12-04,meganturner@example.org
Stacey Smith,troth@example.com,Iraq,1966-12-05,troth@example.com
Vanessa Mejia,sarah07@example.com,Saint Helena,1962-08-04,sarah07@example.com
Javier Prince,thernandez@example.org,Malta,1975-12-07,thernandez@example.org
Jonathan Kelly,vhansen@example.org,Qatar,2004-11-11,vhansen@example.org
Tina Spears,fcarpenter@example.com,Romania,1986-10-16,fcarpenter@example.com
Patricia Cochran,katiechapman@example.org,Tunisia,1984-03-22,katiechapman@example.org
Sharon Gonzalez,erik29@example.org,Burundi,1963-04-11,erik29@example.org
Derrick Zhang,kellyrobert@example.net,Holy See (Vatican City State),1983-07-14,kellyrobert@example.net
Charles Dickson,upayne@example.net,Comoros,1992-07-19,upayne@example.net
Michael Burke,jenniferdavis@example.com,United Kingdom,1968-09-24,jenniferdavis@example.com
William Parker,brownchristopher@example.com,French Guiana,1975-08-22,brownchristopher@example.com
Eric Miller,joedominguez@example.com,Northern Mariana Islands,1976-07-25,joedominguez@example.com
Keith Garner,dray@example.com,Nigeria,1995-01-28,dray@example.com
Michael Mays,adkinskelly@example.net,Anguilla,1995-08-01,adkinskelly@example.net
Brian Joseph,williamreed@example.com,Benin,1982-08-21,williamreed@example.com
Joann Murray,kennethmack@example.net,Gabon,1991-07-11,kennethmack@example.net
Anthony Hoffman,haley11@example.org,Saudi Arabia,1993-08-31,haley11@example.org
Tracey Reed,wisealvin@example.com,Colombia,1987-01-29,wisealvin@example.com
Douglas Mcdaniel,amybutler@example.org,Syrian Arab Republic,2000-07-14,amybutler@example.org
Elizabeth Moody,richard56@example.com,Vanuatu,2001-11-01,richard56@example.com
Joseph Mcintyre,hollyanderson@example.com,Ukraine,1988-10-09,hollyanderson@example.com
John Myers,jerrypetersen@example.com,Libyan Arab Jamahiriya,1955-08-05,jerrypetersen@example.com
Robert Miller,vschneider@example.org,Australia,1968-08-29,vschneider@example.org
Crystal Becker,aduran@example.net,Trinidad and Tobago,1967-03-25,aduran@example.net
Patrick Wilson,donaldmoon@example.net,Jamaica,1966-08-20,donaldmoon@example.net
Elizabeth Wade,raynicholas@example.net,Lebanon,1968-07-05,raynicholas@example.net
Anna Torres,xperez@example.com,Tokelau,2006-01-06,xperez@example.com
Julia Le,rlewis@example.org,Romania,1969-02-13,rlewis@example.org
Tina Ayala,patriciajackson@example.com,Tuvalu,2003-10-10,patriciajackson@example.com
Shannon Burgess,bmullen@example.com,Anguilla,1987-07-26,bmullen@example.com
Jessica Wilson,ubenitez@example.org,Mauritius,1961-05-10,ubenitez@example.org
Mitchell Payne,jeffrey31@example.net,Gambia,2000-05-01,jeffrey31@example.net
Tina Pruitt,gleach@example.org,British Indian Ocean Territory (Chagos Archipelago),1991-11-26,gleach@example.org
Cynthia Blair,brian07@example.com,Cambodia,1987-11-22,brian07@example.com
James Gallegos,rwilson@example.com,Eritrea,1995-01-31,rwilson@example.com
Rose Morris,moranmichelle@example.net,Albania,1961-10-20,moranmichelle@example.net
Nicholas Miller,stanley37@example.net,South Africa,1982-12-30,stanley37@example.net
Lauren Rodriguez,julieolson@example.net,Saint Lucia,1961-03-24,julieolson@example.net
Jesse Simmons,debradoyle@example.org,British Virgin Islands,1982-09-04,debradoyle@example.org
Shannon Black,courtneyjoseph@example.net,Thailand,1992-06-21,courtneyjoseph@example.net
Alicia Taylor,brownrebecca@example.net,Congo,2006-07-18,brownrebecca@example.net
Brandon Brown,andersoncarl@example.org,Bouvet Island (Bouvetoya),2003-08-25,andersoncarl@example.org
Lisa Rodriguez,patrick19@example.com,Swaziland,1981-06-02,patrick19@example.com
Linda Cardenas,reynoldslori@example.net,Lao People's Democratic Republic,1974-06-03,reynoldslori@example.net
Lisa Jackson,ejohnson@example.org,Vanuatu,1980-12-25,ejohnson@example.org
Dennis Smith,johnlevy@example.org,Tunisia,1998-01-11,johnlevy@example.org
Spencer Riddle,peter78@example.com,Ireland,1982-01-26,peter78@example.com
Beverly Young,carolinepeterson@example.com,Georgia,1976-10-28,carolinepeterson@example.com
Michael Johnson,littlejoseph@example.net,Germany,1975-12-28,littlejoseph@example.net
Mark Baker,coopernathaniel@example.net,Comoros,2005-02-14,coopernathaniel@example.net
Samuel Villanueva,wkelly@example.com,Paraguay,1972-03-12,wkelly@example.com
Micheal Hoffman,melissa88@example.org,Antarctica (the territory South of 60 deg S),1977-08-29,melissa88@example.org
Meghan Carter,zrivera@example.net,Congo,1997-03-27,zrivera@example.net
Elizabeth Leon,gardnernicole@example.com,Anguilla,1983-12-17,gardnernicole@example.com
Matthew Daugherty,jonhouse@example.net,North Macedonia,1962-02-20,jonhouse@example.net
Mandy Rice,aortiz@example.net,United Arab Emirates,1976-03-30,aortiz@example.net
Tina Curtis,hartmanamy@example.org,Haiti,1964-10-27,hartmanamy@example.org
Timothy Andrews,jacob49@example.com,Botswana,1982-07-28,jacob49@example.com
Melissa Roberts,sarah97@example.net,Central African Republic,2001-09-13,sarah97@example.net
Kelly Harris,jeffreyturner@example.org,Colombia,1991-12-19,jeffreyturner@example.org
Melissa Cameron,charlescurtis@example.net,Bouvet Island (Bouvetoya),1992-12-06,charlescurtis@example.net
John Reid,gregory42@example.com,Czech Republic,2003-12-30,gregory42@example.com
Richard Anderson,wrightkathleen@example.com,Kenya,1966-03-31,wrightkathleen@example.com
John Thomas,pcampbell@example.com,Netherlands Antilles,1964-07-19,pcampbell@example.com
Jacob Calhoun,regina68@example.com,United States Virgin Islands,1984-02-03,regina68@example.com
Chelsea Bailey,michael94@example.org,France,1992-01-05,michael94@example.org
Miss Jacqueline Brown,michaelsosa@example.com,South Georgia and the South Sandwich Islands,1964-08-26,michaelsosa@example.com
Joshua Smith,jfreeman@example.net,Barbados,1958-08-15,jfreeman@example.net
Michelle Hamilton,tara21@example.net,Ecuador,1997-12-02,tara21@example.net
John Wright,ethan27@example.org,Aruba,1959-10-04,ethan27@example.org
Linda Prince,stephaniemorales@example.com,Slovenia,1955-01-30,stephaniemorales@example.com
Jennifer Hughes,sstephenson@example.com,Uruguay,1957-07-21,sstephenson@example.com
William Roman,hgarcia@example.net,Angola,1973-11-01,hgarcia@example.net
Matthew Roberson,marcfarmer@example.net,Northern Mariana Islands,1988-02-17,marcfarmer@example.net
Jeremy Manning,zlane@example.net,Saudi Arabia,1956-02-15,zlane@example.net
Erica Turner,sclay@example.com,Uruguay,1996-06-23,sclay@example.com
Alison Williams,tmoses@example.com,Greenland,1998-03-25,tmoses@example.com
Ronald Parrish,hawkinspatricia@example.net,Seychelles,1981-10-22,hawkinspatricia@example.net
Michael Kim,david77@example.org,Oman,1978-06-24,david77@example.org
Erica Jones,kleinshannon@example.com,Australia,1973-02-15,kleinshannon@example.com
Matthew Manning,uleonard@example.org,Congo,2006-07-21,uleonard@example.org
Stephen Benson,bmerritt@example.org,Gambia,1984-09-24,bmerritt@example.org
Teresa Bird,kelly10@example.com,Falkland Islands (Malvinas),1983-06-16,kelly10@example.com
Eric Ramos,james82@example.net,Thailand,2001-02-18,james82@example.net
Megan Barnes,toddwilliams@example.com,Zambia,1969-05-23,toddwilliams@example.com
Joseph Johnson,douglas42@example.net,Chile,1985-10-31,douglas42@example.net
Zoe Morgan,skirk@example.org,Somalia,1980-12-06,skirk@example.org
Martha Lee,wrivera@example.net,El Salvador,1984-07-24,wrivera@example.net
Jennifer Fernandez,ukennedy@example.net,Vanuatu,1975-06-17,ukennedy@example.net
Kimberly Young,logandillon@example.org,Azerbaijan,1961-02-23,logandillon@example.org
Wayne Smith,karen73@example.org,Holy See (Vatican City State),1999-12-24,karen73@example.org
Kevin May,huangleslie@example.org,Congo,1998-07-19,huangleslie@example.org
Daisy Wilkinson PhD,heathercrawford@example.com,Argentina,2004-07-25,heathercrawford@example.com
Jacob Clark,jacob34@example.net,Saint Lucia,2004-06-24,jacob34@example.net
Michelle Wallace,michael39@example.org,Argentina,1959-03-21,michael39@example.org
John Perez,rodrigueztracy@example.com,Italy,2005-06-04,rodrigueztracy@example.com
Xavier Rodriguez,estevens@example.net,Bolivia,2003-07-22,estevens@example.net
Lisa Chung,reneewalker@example.net,Iceland,1963-06-24,reneewalker@example.net
Elizabeth Harrison,flemingdeborah@example.org,Bolivia,1988-01-22,flemingdeborah@example.org
Christopher Moody,corey06@example.org,Canada,1968-10-20,corey06@example.org
Haley Thompson,lorijones@example.org,Cote d'Ivoire,1954-08-23,lorijones@example.org
Kelsey Clarke,tammyellis@example.org,Andorra,1968-02-13,tammyellis@example.org
Leslie Ruiz,heatherwest@example.org,El Salvador,1971-02-23,heatherwest@example.org
Lauren Andrade,rhonda30@example.org,Uruguay,2006-09-02,rhonda30@example.org
Brian Quinn,frankperry@example.net,El Salvador,2003-09-20,frankperry@example.net
Elizabeth Bailey,qsnyder@example.org,Nepal,1964-04-17,qsnyder@example.org
Kimberly Kelley,browncarrie@example.com,Venezuela,1987-02-02,browncarrie@example.com
Jennifer Wyatt,allenmichael@example.com,Chile,1982-12-24,allenmichael@example.com
Tanya Miller,gcook@example.com,Armenia,1987-01-31,gcook@example.com
Jacob Williams,aclark@example.net,Montenegro,1982-06-02,aclark@example.net
Barbara Thomas,fbates@example.com,Gibraltar,2003-06-21,fbates@example.com
Taylor Johnson,makaylataylor@example.org,Romania,1965-09-11,makaylataylor@example.org
James Campbell,jonedwards@example.net,Liechtenstein,1984-12-18,jonedwards@example.net
Beth Page,lynn67@example.net,Burkina Faso,1957-04-02,lynn67@example.net
Kimberly Maldonado,hernandezjonathan@example.net,Ukraine,1998-05-12,hernandezjonathan@example.net
Antonio Mata,tiffany47@example.com,New Caledonia,1976-12-01,tiffany47@example.com
Whitney Murphy,grantashley@example.net,Albania,1955-09-01,grantashley@example.net
Amy Marks,ian13@example.com,Maldives,1956-10-14,ian13@example.com
Lori Crawford,ashleyallen@example.org,Western Sahara,2006-01-04,ashleyallen@example.org
Valerie Santiago,rwebb@example.org,Japan,1997-11-21,rwebb@example.org
Theresa Estrada,jerryfrank@example.net,Slovakia (Slovak Republic),1988-08-11,jerryfrank@example.net
John Carney,ibright@example.com,Montserrat,1961-10-17,ibright@example.com
Matthew Clark,tinafox@example.net,Belgium,1966-06-25,tinafox@example.net
Nathan Kline,jasonclayton@example.org,Falkland Islands (Malvinas),1992-08-09,jasonclayton@example.org
David Wilson,sarahlee@example.com,Jersey,1974-06-23,sarahlee@example.com
Stephanie Graham,samuel00@example.org,Jamaica,2006-11-07,samuel00@example.org
Miss Laura Kemp,browncarlos@example.com,Sweden,1966-12-20,browncarlos@example.com
Sandy Hernandez,zachary47@example.com,Congo,1977-10-10,zachary47@example.com
Robert Moore,ismith@example.com,Norway,1996-09-14,ismith@example.com
Mrs. Patricia Cooper,billymartinez@example.com,Sudan,1956-05-04,billymartinez@example.com
Kaylee Trevino,cruzjoseph@example.net,Mongolia,1978-11-05,cruzjoseph@example.net
Breanna Torres,denisepeterson@example.net,Isle of Man,1993-05-21,denisepeterson@example.net
Corey Rios,bennettmonica@example.net,Angola,2000-08-22,bennettmonica@example.net
Anthony Curtis,jeffrey74@example.net,Vanuatu,1968-06-06,jeffrey74@example.net
Melissa Harmon,csmith@example.org,Niger,1954-09-04,csmith@example.org
Chelsea Duncan,edward63@example.org,Switzerland,1996-03-09,edward63@example.org
Ian Baker,kristinedominguez@example.com,Kenya,1973-11-13,kristinedominguez@example.com
Patrick Johnston,mpatterson@example.org,Lesotho,1957-11-19,mpatterson@example.org
Calvin Smith,ukramer@example.com,Tonga,1978-02-10,ukramer@example.com
Daniel Thompson,pettymarisa@example.net,Guernsey,1963-02-22,pettymarisa@example.net
Holly David,sjohnson@example.org,Syrian Arab Republic,1993-04-05,sjohnson@example.org
Shelia Silva,edrake@example.com,Cocos (Keeling) Islands,1954-10-10,edrake@example.com
Corey Wilson,leachshannon@example.net,Cook Islands,1962-07-07,leachshannon@example.net
Paul Schultz,vmills@example.net,Greece,1998-04-27,vmills@example.net
Eddie Owens,sharon91@example.net,Gambia,1968-10-01,sharon91@example.net
Mary Forbes,mhudson@example.net,Bouvet Island (Bouvetoya),1997-09-16,mhudson@example.net
Brittany Vargas,sarahparks@example.org,Kuwait,1957-01-03,sarahparks@example.org
Katherine Jones,jonesanthony@example.org,Uganda,1991-07-11,jonesanthony@example.org
Dawn Martin,mark05@example.net,Western Sahara,1954-06-18,mark05@example.net
Elizabeth Morgan,pamelagill@example.org,Israel,1974-02-19,pamelagill@example.org
Johnny Yoder,jennifer51@example.com,Sierra Leone,1972-03-27,jennifer51@example.com
Anthony Randall,kevinrose@example.net,Paraguay,2000-07-18,kevinrose@example.net
Nicole Foster,lopezryan@example.org,Spain,1976-12-09,lopezryan@example.org
Brittany Hinton,zhernandez@example.net,Pitcairn Islands,1983-03-23,zhernandez@example.net
Jason Rosales,annabond@example.com,Tokelau,1966-08-15,annabond@example.com
Brittney Lopez,lbell@example.org,Turkey,1993-05-22,lbell@example.org
John Berry,taylorsteven@example.org,Mongolia,1971-12-31,taylorsteven@example.org
Jacob Reyes,berryerika@example.net,Senegal,1995-04-06,berryerika@example.net
Julie Dominguez,qhoffman@example.org,Burundi,1958-05-25,qhoffman@example.org
Latoya Petty,ferrellkeith@example.net,Cook Islands,1983-09-29,ferrellkeith@example.net
Vanessa Marshall,kwhitney@example.net,Cyprus,2000-05-25,kwhitney@example.net
Madeline Yu,alyssaknox@example.com,Hong Kong,1991-06-09,alyssaknox@example.com
Monica Murphy,xshaw@example.org,Malaysia,1986-11-07,xshaw@example.org
Catherine Barrett,cookcurtis@example.com,New Caledonia,1971-04-17,cookcurtis@example.com
Christopher Buchanan,grantpaige@example.net,Guadeloupe,1968-12-04,grantpaige@example.net
Amy Thompson,david97@example.org,Morocco,1980-12-16,david97@example.org
Jason Acosta,candice10@example.com,Bermuda,1961-08-13,candice10@example.com
Bobby Beltran,hunterandres@example.net,Myanmar,1989-05-03,hunterandres@example.net
Jessica Wheeler,jrose@example.org,Suriname,2003-09-02,jrose@example.org
Amanda Abbott,danstone@example.net,Saint Vincent and the Grenadines,1962-01-19,danstone@example.net
Jennifer Burton,rebeccabrown@example.net,Antigua and Barbuda,1998-05-29,rebeccabrown@example.net
Victoria Smith,ashleyramos@example.com,Vanuatu,1955-01-21,ashleyramos@example.com
William Whitaker,newtonsean@example.net,Cameroon,1992-07-26,newtonsean@example.net
Christy Gonzalez,katherine54@example.org,Cocos (Keeling) Islands,1993-08-24,katherine54@example.org
Kenneth Rivas,sherri29@example.com,Ukraine,1978-12-18,sherri29@example.com
Jennifer Griffin,transusan@example.com,Czech Republic,1983-08-26,transusan@example.com
Larry Jones,stephanie72@example.org,Dominican Republic,1998-01-07,stephanie72@example.org
Cheryl Bell,whiteheadjose@example.net,Denmark,1975-11-09,whiteheadjose@example.net
Kathleen Clark,thomas96@example.com,China,2004-09-07,thomas96@example.com
Diana Shepherd,vasquezlisa@example.net,Guernsey,1991-10-20,vasquezlisa@example.net
Reginald Garrett,cterry@example.net,Lao People's Democratic Republic,1978-07-21,cterry@example.net
Allison Briggs,wpennington@example.org,Montserrat,1996-12-15,wpennington@example.org
Erik Fuller,tgilmore@example.com,Guatemala,1972-12-26,tgilmore@example.com
Lisa Lewis,alexandra22@example.com,Bangladesh,1961-04-23,alexandra22@example.com
Susan Horton,garciajohn@example.org,Niue,1966-08-19,garciajohn@example.org
Jessica Sims,tina09@example.org,Iraq,2004-11-26,tina09@example.org
Spencer Parker,htaylor@example.org,Guyana,1989-04-24,htaylor@example.org
Robert Moore,pamelayoung@example.net,Svalbard & Jan Mayen Islands,1967-11-22,pamelayoung@example.net
Stephanie Henson,hernandezbrian@example.com,Georgia,2004-01-29,hernandezbrian@example.com
Mary Burns,brandonramirez@example.com,Tunisia,1965-01-24,brandonramirez@example.com
Jennifer Stevenson,belldana@example.net,Liberia,1974-08-12,belldana@example.net
Keith Santos,kristen23@example.com,Nicaragua,1993-04-19,kristen23@example.com
Gregory Carney,wmoses@example.org,El Salvador,1993-03-30,wmoses@example.org
Robert Walls,michelle19@example.com,Armenia,2007-04-03,michelle19@example.com
Tina Castillo,zsalazar@example.org,Antarctica (the territory South of 60 deg S),2005-01-31,zsalazar@example.org
Ashley Sandoval,henry07@example.com,Iraq,1997-06-28,henry07@example.com
Calvin Morgan,bradleybrewer@example.net,Georgia,1980-12-05,bradleybrewer@example.net
Phillip Pearson,vhenry@example.com,Guam,1997-01-04,vhenry@example.com
Nicole Henry,velazquezanita@example.com,Tunisia,1961-01-22,velazquezanita@example.com
Katelyn Morris,kevingarcia@example.org,Cyprus,1979-02-15,kevingarcia@example.org
Natasha Wade,davidjames@example.com,Jordan,1971-11-08,davidjames@example.com
Theresa Miranda,andreagibson@example.com,Lebanon,1960-10-26,andreagibson@example.com
Regina Bowman,ibryant@example.com,Liberia,1984-06-25,ibryant@example.com
Diane Haas,reeddawn@example.com,Slovenia,1998-04-25,reeddawn@example.com
Chelsea Bowman,chapmantara@example.net,Djibouti,1973-09-13,chapmantara@example.net
Colleen Bradley,henryderrick@example.org,Holy See (Vatican City State),1955-06-24,henryderrick@example.org
Martha Mitchell,melissaschwartz@example.org,Eritrea,1995-01-22,melissaschwartz@example.org
Ralph Schneider,troywhite@example.com,Colombia,1990-03-28,troywhite@example.com
Robert Atkinson,dianalloyd@example.net,Croatia,1968-07-04,dianalloyd@example.net
Chloe Monroe,daniel64@example.org,Libyan Arab Jamahiriya,1986-06-18,daniel64@example.org
Jennifer Garcia,jessicajohnson@example.com,Jersey,2001-02-18,jessicajohnson@example.com
Natalie Thomas,wevans@example.org,Egypt,1984-09-09,wevans@example.org
Patrick Hoffman,fitzgeraldtim@example.net,Qatar,1988-01-02,fitzgeraldtim@example.net
John Lee,stevenburton@example.net,Bulgaria,1958-09-09,stevenburton@example.net
Linda Parker,williamthomas@example.com,Congo,1957-06-08,williamthomas@example.com
Elizabeth Medina,elizabethalvarez@example.net,Rwanda,1968-06-09,elizabethalvarez@example.net
Tammy May,rebeccaunderwood@example.com,Bulgaria,2001-07-03,rebeccaunderwood@example.com
Roy Price,xdunn@example.net,Rwanda,1991-03-30,xdunn@example.net
Sierra Perkins,juliewarren@example.com,South Georgia and the South Sandwich Islands,2002-08-30,juliewarren@example.com
Charles Rollins,velasquezcorey@example.com,Lao People's Democratic Republic,1975-05-02,velasquezcorey@example.com
Andrew Newman,beckalice@example.net,Gabon,1978-05-23,beckalice@example.net
Debra Romero,lkennedy@example.org,Mauritius,1979-03-20,lkennedy@example.org
Megan Moore,zhardin@example.net,Uruguay,2006-08-21,zhardin@example.net
Sydney Brennan,stonekristen@example.org,Argentina,1981-02-05,stonekristen@example.org
John Howe,collierandrew@example.org,Philippines,2001-10-14,collierandrew@example.org
Krystal Miles,harold09@example.com,Central African Republic,1956-03-14,harold09@example.com
Daniel Williams,michaeldaniels@example.com,South Georgia and the South Sandwich Islands,1961-06-17,michaeldaniels@example.com
Frank Beck,ocarter@example.net,Mauritania,2002-01-16,ocarter@example.net
Ariel Doyle,amandalynch@example.com,Burundi,1993-11-25,amandalynch@example.com
Daniel Thompson,sierrameza@example.com,Tokelau,1959-10-02,sierrameza@example.com
Kimberly York,shernandez@example.net,Lithuania,1999-07-22,shernandez@example.net
Scott Rose,andrea76@example.net,Equatorial Guinea,1991-11-23,andrea76@example.net
Nancy Reyes,catherinejohnson@example.net,Yemen,1968-01-05,catherinejohnson@example.net
Joseph Brown,gregory95@example.com,Hong Kong,1997-08-05,gregory95@example.com
Nicholas Gross,kevin09@example.com,Greenland,2006-02-23,kevin09@example.com
Steven Wise,nelsondonna@example.org,Iraq,1978-02-23,nelsondonna@example.org
Gary Snyder,hestertimothy@example.org,Afghanistan,1960-02-22,hestertimothy@example.org
Thomas Gonzales,wardjeffrey@example.com,Burkina Faso,1967-12-27,wardjeffrey@example.com
Jessica Wang,robert98@example.com,Morocco,1987-04-04,robert98@example.com
Rachel Gonzalez,steven43@example.com,Bahamas,1989-10-05,steven43@example.com
Michael Gonzalez,nguyenmarissa@example.net,Western Sahara,1960-10-31,nguyenmarissa@example.net
Diane Munoz,smithjoseph@example.net,Pakistan,1998-02-22,smithjoseph@example.net
Eddie Griffin,sarah25@example.com,Denmark,1961-11-27,sarah25@example.com
Michelle Cummings,colonhayley@example.net,Norfolk Island,1980-10-10,colonhayley@example.net
Jeremy Smith,kimberlybrown@example.net,Bulgaria,1975-12-15,kimberlybrown@example.net
Kaylee Davis,jessica59@example.net,Syrian Arab Republic,1980-06-15,jessica59@example.net
Logan Wells,joshuacarr@example.com,Niue,1961-09-06,joshuacarr@example.com
David Williams,inichols@example.org,Swaziland,1995-07-27,inichols@example.org
Jose Walton,hbailey@example.com,Somalia,2004-12-14,hbailey@example.com
Patrick Garcia MD,princeaimee@example.com,Pakistan,1955-10-22,princeaimee@example.com
Jennifer Mercado,mcculloughrobyn@example.net,Marshall Islands,1992-03-28,mcculloughrobyn@example.net
Douglas Miranda,evansedward@example.org,Saint Kitts and Nevis,1955-05-30,evansedward@example.org
James Miller,smithsarah@example.org,Denmark,1992-07-22,smithsarah@example.org
Kristen Hall,ricardo08@example.net,Libyan Arab Jamahiriya,1959-07-16,ricardo08@example.net
Joyce Beck,phall@example.net,Saint Martin,1973-02-27,phall@example.net
Patricia Hardy,joshua45@example.net,French Guiana,1954-09-03,joshua45@example.net
Amber Allen,sheila17@example.net,Bahamas,1973-01-12,sheila17@example.net
Glenn Maddox,gwilliams@example.com,Ghana,1972-10-21,gwilliams@example.com
Amy Howard,mvargas@example.com,Madagascar,1961-05-09,mvargas@example.com
Penny Hensley,waltonbridget@example.org,Guadeloupe,1999-10-03,waltonbridget@example.org
Mrs. Sarah Dalton,tracysosa@example.com,Liechtenstein,1977-08-21,tracysosa@example.com
Thomas Rogers,carellano@example.org,Guernsey,1960-04-02,carellano@example.org
Jermaine Bennett,christophermcgee@example.net,Saint Kitts and Nevis,1979-12-24,christophermcgee@example.net
Randy Maddox,chrisjohnson@example.org,Mauritania,1990-04-04,chrisjohnson@example.org
Dr. Kenneth Beasley,bmccarty@example.com,Mauritania,1987-01-13,bmccarty@example.com
Samuel Decker,stephenrivers@example.com,India,1992-12-11,stephenrivers@example.com
Michael Smith,tkelly@example.org,Greenland,1984-01-26,tkelly@example.org
Kevin Black,kathrynespinoza@example.org,Andorra,1987-02-24,kathrynespinoza@example.org
Matthew Lewis,erichill@example.org,Cape Verde,1972-03-07,erichill@example.org
Ryan Reeves,richard22@example.com,Comoros,1966-01-17,richard22@example.com
Shawn Romero,danielbernard@example.org,Svalbard & Jan Mayen Islands,1967-02-07,danielbernard@example.org
Linda Davis,espinozajoshua@example.net,Cambodia,1996-09-01,espinozajoshua@example.net
Sally Rodriguez,judyevans@example.org,Namibia,1974-11-25,judyevans@example.org
Jason Drake,christina29@example.com,French Polynesia,1967-09-17,christina29@example.com
Amanda Vargas,gclayton@example.org,Cocos (Keeling) Islands,1962-09-12,gclayton@example.org
Sara Rivera,millerjamie@example.com,Greenland,2000-11-07,millerjamie@example.com
Sean Coleman Jr.,knewman@example.net,Brunei Darussalam,1994-09-23,knewman@example.net
Rita Davis,bonddaniel@example.com,Libyan Arab Jamahiriya,1980-09-12,bonddaniel@example.com
Katherine Scott,andreatran@example.net,Papua New Guinea,1980-12-29,andreatran@example.net
Sarah Lopez,martinethan@example.com,Tokelau,1977-03-31,martinethan@example.com
Stanley Davis,waltersrichard@example.net,Russian Federation,1977-07-25,waltersrichard@example.net
Virginia Mcdaniel,cassandra25@example.com,Morocco,1985-10-13,cassandra25@example.com
Roy Rios,knicholson@example.com,Sao Tome and Principe,1997-07-12,knicholson@example.com
Marissa Wheeler,stevengalloway@example.net,Sri Lanka,2002-03-30,stevengalloway@example.net
Anthony Hall,patriciaward@example.com,Pakistan,1990-07-02,patriciaward@example.com
Bobby Bender,jonathanellis@example.net,United States Minor Outlying Islands,1964-05-14,jonathanellis@example.net
Jake Castillo,derricksmith@example.net,Greece,1979-05-25,derricksmith@example.net
Alison Cherry DVM,gonzalezkimberly@example.net,Romania,1992-01-07,gonzalezkimberly@example.net
Rebecca Jones,lroberson@example.org,Australia,1977-05-11,lroberson@example.org
Vincent West,william67@example.net,Tajikistan,1993-02-20,william67@example.net
Gregory Martin,kellyamber@example.net,Norfolk Island,1964-09-17,kellyamber@example.net
Theresa Moore,edwardlopez@example.com,Andorra,1979-07-20,edwardlopez@example.com
Pamela Farmer DDS,qgood@example.org,Brazil,1992-12-09,qgood@example.org
Eric Hall,davislogan@example.org,Swaziland,1983-10-11,davislogan@example.org
Paul Morgan,ablackburn@example.com,Marshall Islands,1974-01-13,ablackburn@example.com
Brian Jones,gwendolynalexander@example.net,Lao People's Democratic Republic,1998-03-03,gwendolynalexander@example.net
Karen Hicks,dharrison@example.net,Guadeloupe,1963-03-12,dharrison@example.net
Susan Miller,agonzalez@example.net,Ukraine,1996-09-15,agonzalez@example.net
Deanna Kramer,jessicanelson@example.org,Burkina Faso,1999-08-06,jessicanelson@example.org
Jeffrey Peters,campbellronald@example.org,Saint Helena,2001-08-28,campbellronald@example.org
Donald Harris,bstewart@example.org,Congo,1967-10-30,bstewart@example.org
Elizabeth Jones,wheelersherry@example.org,Bahrain,1990-08-19,wheelersherry@example.org
Barbara Giles,hschmitt@example.org,Maldives,1957-01-09,hschmitt@example.org
Austin Bean,kfrazier@example.net,British Indian Ocean Territory (Chagos Archipelago),1990-02-01,kfrazier@example.net
Christopher Marquez,melissajordan@example.net,United States of America,2002-05-10,melissajordan@example.net
Megan Beck,mcdowellalicia@example.org,Syrian Arab Republic,1993-05-27,mcdowellalicia@example.org
Stephanie Miller,nmejia@example.org,Guadeloupe,1970-05-16,nmejia@example.org
Jennifer Obrien,jason32@example.net,Namibia,1982-07-15,jason32@example.net
Oscar Long,oconnoryolanda@example.net,French Southern Territories,1982-09-13,oconnoryolanda@example.net
Veronica Bush,cunninghamdavid@example.com,Chile,1954-08-20,cunninghamdavid@example.com
Ernest Walker,ojackson@example.org,Micronesia,1989-12-10,ojackson@example.org
James Church,douglas67@example.org,Israel,1965-03-07,douglas67@example.org
Ashley Hall,rachel99@example.net,Pitcairn Islands,2004-12-04,rachel99@example.net
Scott Hahn,kendra66@example.org,Central African Republic,1998-01-15,kendra66@example.org
Emily Short,vmorrow@example.com,Togo,1978-07-24,vmorrow@example.com
Jennifer Bowers,anthony81@example.org,Grenada,1978-10-27,anthony81@example.org
Robert Snyder,wayne44@example.net,Saint Kitts and Nevis,2001-09-17,wayne44@example.net
Ryan Vasquez,brian41@example.com,Finland,1967-09-04,brian41@example.com
Jon Smith,kingerin@example.net,Singapore,1974-02-21,kingerin@example.net
Jaime Atkinson,christopherhunter@example.org,Saint Lucia,1992-01-21,christopherhunter@example.org
Eric Blackwell,mcculloughjeff@example.com,Namibia,1962-12-30,mcculloughjeff@example.com
Melanie Arellano,ogrant@example.com,Congo,1977-07-11,ogrant@example.com
Cory Evans,laura78@example.net,Armenia,1977-09-11,laura78@example.net
Andrew Anderson,nsawyer@example.org,Panama,2001-01-01,nsawyer@example.org
Margaret Hall,jbonilla@example.org,Niue,1984-01-08,jbonilla@example.org
Teresa Wright,paula92@example.net,Ireland,2004-12-11,paula92@example.net
Joseph Barnes,susangarcia@example.net,Guyana,1997-08-11,susangarcia@example.net
Kyle Wallace,cody61@example.net,United Kingdom,1967-04-01,cody61@example.net
Patricia Rodriguez,hernandezstephen@example.com,Fiji,1996-12-07,hernandezstephen@example.com
Charles Gibson,qcooper@example.org,Antarctica (the territory South of 60 deg S),1968-08-01,qcooper@example.org
Sara Wagner,michael29@example.org,Bouvet Island (Bouvetoya),1967-08-14,michael29@example.org
Brenda Adams,areed@example.org,Congo,1978-04-13,areed@example.org
Patricia Andrade,oellis@example.net,Maldives,1999-09-20,oellis@example.net
Amber Moore,michael45@example.com,Slovenia,1981-11-21,michael45@example.com
Alexandria Hall,armstrongjoseph@example.com,Turkmenistan,1994-12-08,armstrongjoseph@example.com
Sonya Waters,apeterson@example.com,Greenland,1972-07-16,apeterson@example.com
Allison Anderson,lmoore@example.net,Belarus,1963-08-25,lmoore@example.net
Brian Chen,glawson@example.com,Belgium,1993-09-01,glawson@example.com
Rebecca Wolf,coxtina@example.org,Pitcairn Islands,1967-08-29,coxtina@example.org
Adam Robinson,donnasimpson@example.net,Liberia,1991-07-31,donnasimpson@example.net
Casey Berry,wongalexander@example.org,South Georgia and the South Sandwich Islands,1960-08-10,wongalexander@example.org
Kimberly Andrade,michelle08@example.net,Afghanistan,1993-09-21,michelle08@example.net
Caitlyn Maxwell,daniellesanchez@example.net,Greenland,1956-01-17,daniellesanchez@example.net
Tonya Ingram,melissa67@example.com,Ireland,1982-03-31,melissa67@example.com
Haley Willis,millergreg@example.com,Cook Islands,1972-03-07,millergreg@example.com
Jonathan Mahoney,alexanderthomas@example.net,Peru,2006-08-11,alexanderthomas@example.net
Kevin Adams,pboyd@example.com,Belgium,2003-06-12,pboyd@example.com
Alexis Cox,ashleyjohnson@example.org,Burundi,1961-06-25,ashleyjohnson@example.org
Robert Cunningham,jacobrobinson@example.net,Chad,1989-02-07,jacobrobinson@example.net
Lisa Rose,scombs@example.com,Kenya,1992-09-18,scombs@example.com
Ashley Mcdaniel,jamessullivan@example.org,Nepal,1959-08-31,jamessullivan@example.org
Lisa Davis,vasquezkathryn@example.org,Serbia,1981-07-01,vasquezkathryn@example.org
David Campbell,sreynolds@example.org,Chad,2002-09-06,sreynolds@example.org
Brenda Young,jasoncharles@example.com,Congo,1968-04-03,jasoncharles@example.com
Savannah Franklin,thomas72@example.com,Svalbard & Jan Mayen Islands,1974-07-23,thomas72@example.com
Desiree Landry,shermantheresa@example.com,Central African Republic,1980-04-12,shermantheresa@example.com
Shawn Turner,daniel98@example.net,Somalia,1966-08-26,daniel98@example.net
Whitney Campbell,mahoneymichael@example.net,Guinea-Bissau,2006-07-23,mahoneymichael@example.net
Shawn Hanson,nicole71@example.com,Philippines,1984-10-31,nicole71@example.com
Jay Allen,savannah68@example.com,Russian Federation,2001-09-02,savannah68@example.com
Stephanie Newton,jennifersimmons@example.net,Bosnia and Herzegovina,1996-08-24,jennifersimmons@example.net
Christopher Sandoval,pscott@example.net,Belgium,1975-08-02,pscott@example.net
Robert Williamson,lyoung@example.com,Swaziland,2006-03-10,lyoung@example.com
Amy Kaiser,ygraham@example.net,Tunisia,1956-01-28,ygraham@example.net
Jennifer Henderson PhD,christinamckinney@example.com,Palau,1957-06-14,christinamckinney@example.com
Sherri Richardson,ashleyjones@example.org,Palestinian Territory,1960-05-24,ashleyjones@example.org
Sarah Medina,watsonmatthew@example.com,Costa Rica,1985-07-15,watsonmatthew@example.com
Lisa Norton,davidhenderson@example.net,Belize,1994-09-30,davidhenderson@example.net
Marc Martin,mmyers@example.com,Luxembourg,1967-06-29,mmyers@example.com
Leah Murphy,tfranklin@example.org,Hungary,2003-01-18,tfranklin@example.org
Courtney Zuniga,droberts@example.net,Bahamas,1981-02-25,droberts@example.net
Mark Smith,nicole00@example.com,Indonesia,1990-03-23,nicole00@example.com
Bianca Middleton,joshua52@example.com,Russian Federation,1977-04-16,joshua52@example.com
Sharon Mata,carlosramirez@example.com,Nigeria,1986-04-05,carlosramirez@example.com
Stephen Martinez,plambert@example.com,Seychelles,1960-01-09,plambert@example.com
Christopher Zamora,qdavis@example.net,Saint Lucia,1976-03-05,qdavis@example.net
Kelly Macias,jacqueline32@example.net,French Southern Territories,1992-02-12,jacqueline32@example.net
Anthony Ruiz,andrewgeorge@example.org,Norfolk Island,1976-06-18,andrewgeorge@example.org
Carol Carey,natalieholmes@example.net,Panama,1968-07-31,natalieholmes@example.net
Maxwell Davis,clarkadam@example.net,Tajikistan,2001-03-08,clarkadam@example.net
Jessica Potter,gregorykathleen@example.org,Mayotte,2006-04-11,gregorykathleen@example.org
Gina Holloway,selena02@example.com,Niue,1994-03-05,selena02@example.com
Crystal Choi,igarrett@example.com,Venezuela,1963-11-04,igarrett@example.com
Paul Williamson,sharris@example.org,American Samoa,2005-09-19,sharris@example.org
Mary Burnett,sandrahoffman@example.org,Slovakia (Slovak Republic),1988-12-28,sandrahoffman@example.org
Rick Martin,syoung@example.com,Congo,2007-05-22,syoung@example.com
Sean Allen,shawnharris@example.org,Marshall Islands,2006-06-08,shawnharris@example.org
Bill Woodard,tammyodom@example.org,Puerto Rico,2002-07-26,tammyodom@example.org
Dr. Joanna Hill,qdudley@example.com,Eritrea,2003-11-03,qdudley@example.com
Miss Heidi Robinson,rileykristine@example.com,Gambia,1956-06-03,rileykristine@example.com
Jessica Swanson,jfoster@example.com,Belarus,1974-01-03,jfoster@example.com
Joshua Reed,xlogan@example.com,Bouvet Island (Bouvetoya),1958-07-08,xlogan@example.com
Justin Rodriguez,laura05@example.org,Bahamas,1978-03-05,laura05@example.org
Tanya Williams,tamaramoran@example.net,Cook Islands,1972-09-04,tamaramoran@example.net
Crystal Krause,jacobgray@example.net,El Salvador,1999-08-30,jacobgray@example.net
Angel Anderson,longjacqueline@example.org,Italy,1974-10-18,longjacqueline@example.org
Karen Gallagher,joshuacowan@example.com,Isle of Man,1976-08-21,joshuacowan@example.com
Rebecca Petersen,khorn@example.net,Tuvalu,1987-07-15,khorn@example.net
John Rodriguez,oramirez@example.com,Hungary,2005-03-09,oramirez@example.com
Jenny Butler,richardrichards@example.net,Romania,1969-09-14,richardrichards@example.net
Cindy Alexander,tonymunoz@example.com,Moldova,2004-03-04,tonymunoz@example.com
Jason Adams,freynolds@example.com,Cameroon,1983-08-19,freynolds@example.com
Kim Berry,brookemurray@example.org,Korea,1967-06-05,brookemurray@example.org
Christine Jordan,connorkramer@example.com,Niue,1963-03-08,connorkramer@example.com
Jesse Huerta,lisadavis@example.com,Korea,1996-08-12,lisadavis@example.com
Michael Smith,ericarichardson@example.org,Tunisia,2006-07-08,ericarichardson@example.org
Brett White,susansmith@example.com,Malta,1982-08-03,susansmith@example.com
Michael Klein,nsimmons@example.org,Palestinian Territory,1956-08-10,nsimmons@example.org
Emily Merritt,garciawilliam@example.net,Zimbabwe,1998-08-19,garciawilliam@example.net
Brandy Gutierrez,nicolethomas@example.com,Gambia,2006-12-20,nicolethomas@example.com
Jeffrey Wilson,tatealexis@example.net,Faroe Islands,1978-06-06,tatealexis@example.net
Paula Guerrero,hdurham@example.com,Syrian Arab Republic,1985-09-10,hdurham@example.com
Michelle Waters,qherrera@example.com,Djibouti,1955-07-20,qherrera@example.com
Hector Romero,stonepatricia@example.org,Western Sahara,1999-01-31,stonepatricia@example.org
Tiffany Woods,cameronanderson@example.net,Slovakia (Slovak Republic),1958-03-27,cameronanderson@example.net
Amanda Smith,robynjohnson@example.com,Guinea-Bissau,1993-12-16,robynjohnson@example.com
Courtney Martin,shellystevenson@example.org,Seychelles,1972-11-05,shellystevenson@example.org
Phillip Vasquez,jill57@example.org,Afghanistan,2006-11-10,jill57@example.org
Heather Sweeney,gdiaz@example.org,Moldova,1985-03-28,gdiaz@example.org
Ann Thompson,xallen@example.net,Gabon,1996-03-17,xallen@example.net
Jon Johnson,kylesutton@example.net,Dominican Republic,1965-12-21,kylesutton@example.net
Mrs. Diana Jennings,paullane@example.org,Namibia,1961-02-06,paullane@example.org
John Osborne,greenbrent@example.com,Liberia,1958-02-12,greenbrent@example.com
Ryan Best,edwardsrebecca@example.net,Falkland Islands (Malvinas),1982-01-29,edwardsrebecca@example.net
Charles Gill,shawnawilson@example.com,Albania,2004-10-20,shawnawilson@example.com
Thomas Miller,edwardslaura@example.org,Malawi,1976-08-07,edwardslaura@example.org
Brianna Salas,shawndickson@example.org,Serbia,1971-06-20,shawndickson@example.org
David Anthony,andrea89@example.org,Uganda,1984-10-31,andrea89@example.org
Patrick Byrd,cherylsalazar@example.net,Trinidad and Tobago,1989-04-09,cherylsalazar@example.net
Randall Conrad,ygilmore@example.com,Taiwan,1998-12-08,ygilmore@example.com
Shawn Matthews,heatherroman@example.net,Colombia,1959-05-17,heatherroman@example.net
Kathleen Parker,camachotrevor@example.org,British Virgin Islands,1999-05-17,camachotrevor@example.org
Kevin Peterson,prattshannon@example.org,Argentina,2000-02-10,prattshannon@example.org
William Collins,ewatson@example.org,Papua New Guinea,1991-02-22,ewatson@example.org
Samuel Young,jfields@example.com,Moldova,1969-09-14,jfields@example.com
Roger Sharp,michellehamilton@example.com,Solomon Islands,1980-04-27,michellehamilton@example.com
Mackenzie Bolton,richardtaylor@example.com,Senegal,1988-12-30,richardtaylor@example.com
Jennifer Bush,stewartricardo@example.net,United Kingdom,2001-06-28,stewartricardo@example.net
Michelle Mendez,kinglinda@example.net,Honduras,1956-04-11,kinglinda@example.net
Brittney Gray,jennifer71@example.org,Maldives,1957-02-07,jennifer71@example.org
Melissa Everett,naustin@example.org,Japan,1955-12-23,naustin@example.org
Richard Dillon,jeffrey30@example.net,Netherlands,2002-09-21,jeffrey30@example.net
Mark Reyes,rickyhoffman@example.org,Guatemala,1983-05-24,rickyhoffman@example.org
Malik Anderson,james02@example.com,Mexico,1969-04-30,james02@example.com
Rachel Wilson,schwartzjennifer@example.net,Saint Pierre and Miquelon,1993-09-27,schwartzjennifer@example.net
Timothy Richardson,stewartnicholas@example.com,Costa Rica,1994-05-02,stewartnicholas@example.com
Sharon Thomas,xmyers@example.com,French Polynesia,1970-10-18,xmyers@example.com
Brent Willis MD,grant52@example.com,Vietnam,1978-08-31,grant52@example.com
Danielle Mckinney,carolbeard@example.com,American Samoa,1995-02-21,carolbeard@example.com
Dylan Alexander,mooreeric@example.org,Panama,1962-05-14,mooreeric@example.org
Ashley Snyder,smitheric@example.net,Samoa,1957-12-22,smitheric@example.net
Michael Perez,frandall@example.net,Jamaica,1981-11-12,frandall@example.net
Charles Valencia,anthony13@example.net,Saint Lucia,1995-11-04,anthony13@example.net
Victoria Hammond,narcher@example.net,Sweden,2007-03-15,narcher@example.net
Jessica Barnes,wheelerrobert@example.com,Gabon,1993-03-31,wheelerrobert@example.com
Peter Brown,rhodescharles@example.net,Bulgaria,1983-08-21,rhodescharles@example.net
Daniel Wilson,stephanielong@example.com,Russian Federation,1991-03-18,stephanielong@example.com
Michael Thompson,rowemichael@example.com,Guyana,1958-04-21,rowemichael@example.com
Sean Morrow,brendagonzalez@example.org,Tokelau,1981-12-09,brendagonzalez@example.org
Patricia Miller,kyle50@example.org,New Zealand,1955-05-20,kyle50@example.org
Mark Montoya,emma71@example.com,Maldives,1983-04-19,emma71@example.com
Barbara Lowery,christina17@example.net,Mexico,1997-11-20,christina17@example.net
Nicholas Lee,jocelynbaker@example.com,Honduras,1989-04-03,jocelynbaker@example.com
Linda Powell,william22@example.org,United States Minor Outlying Islands,1987-02-23,william22@example.org
Jade Brown,raymondbender@example.com,Bolivia,1980-07-11,raymondbender@example.com
David Wilson,henrymatthew@example.net,Indonesia,1980-03-13,henrymatthew@example.net
Ariel Barajas,patricia20@example.org,South Africa,1990-09-30,patricia20@example.org
Frank Kim,vanessasnyder@example.org,Montserrat,1961-08-02,vanessasnyder@example.org
April Brown,zacharycox@example.com,Solomon Islands,1960-02-26,zacharycox@example.com
Mark Bell,michelle13@example.org,Mayotte,1980-06-11,michelle13@example.org
Alyssa Harper,caseyjohnson@example.com,Angola,2002-08-19,caseyjohnson@example.com
Joshua Keller,brittany78@example.net,Turkey,1972-10-16,brittany78@example.net
Meredith Rivera,zfoster@example.net,Ukraine,1988-07-20,zfoster@example.net
Jason Gonzalez,lisa93@example.net,Tokelau,2004-06-05,lisa93@example.net
Spencer Duncan,gordonjonathan@example.org,Eritrea,1976-12-17,gordonjonathan@example.org
